,generalScienceJargon,frequencyRank,word
0,0,0,cells
1,1,1,patients
2,0,2,protein
3,1,3,results
4,0,4,virus
5,0,5,gene
6,1,6,activity
7,0,7,human
8,1,8,treatment
9,1,9,specific
10,1,10,associated
11,1,11,expression
12,1,12,disease
13,1,13,studies
14,1,14,data
15,1,15,increased
16,1,16,response
17,1,17,levels
18,0,18,normal
19,0,19,using
20,0,20,proteins
21,1,21,binding
22,1,22,induced
23,1,23,type
24,1,24,control
25,1,25,effects
26,1,26,effect
27,1,27,analysis
28,0,28,within
29,1,29,infection
30,0,30,acid
31,1,31,observed
32,1,32,risk
33,1,33,role
34,1,34,suggest
35,1,35,function
36,1,36,compared
37,1,37,receptor
38,1,38,system
39,0,39,genes
40,1,40,significant
41,0,41,showed
42,1,42,clinical
43,0,43,years
44,1,44,beta
45,1,45,development
46,1,46,related
47,1,47,alpha
48,1,48,significantly
49,1,49,similar
50,1,50,evidence
51,0,51,viral
52,0,52,changes
53,1,53,growth
54,1,54,dependent
55,1,55,factor
56,1,56,increase
57,1,57,based
58,1,58,per
59,1,59,identified
60,1,60,region
61,1,61,groups
62,1,62,activation
63,0,63,membrane
64,1,64,although
65,1,65,subjects
66,0,66,serum
67,1,67,model
68,1,68,factors
69,0,69,higher
70,1,70,findings
71,1,71,synthesis
72,1,72,sequence
73,1,73,complex
74,1,74,primary
75,1,75,presence
76,1,76,vitro
77,0,77,antigen
78,1,78,plasma
79,0,79,molecular
80,1,80,patient
81,1,81,thus
82,1,82,infected
83,1,83,including
84,1,84,responses
85,1,85,species
86,0,86,antibody
87,1,87,reduced
88,1,88,therapy
89,1,89,positive
90,0,90,days
91,1,91,vivo
92,1,92,addition
93,1,93,dose
94,0,94,neurons
95,1,95,differences
96,1,96,total
97,1,97,drug
98,0,98,shown
99,1,99,functional
100,0,100,site
101,1,101,potential
102,1,102,concentrations
103,1,103,population
104,1,104,studied
105,1,105,mechanisms
106,1,106,formation
107,1,107,exposure
108,0,108,genetic
109,1,109,structure
110,1,110,mechanism
111,1,111,obtained
112,1,112,contrast
113,0,113,tissue
114,1,114,demonstrated
115,1,115,containing
116,0,116,immune
117,1,117,indicate
118,1,118,regions
119,1,119,sites
120,1,120,cases
121,0,121,antibodies
122,0,122,cellular
123,1,123,whereas
124,0,124,amino
125,1,125,previously
126,0,126,lower
127,0,127,enzyme
128,1,128,treated
129,0,129,transcription
130,1,130,rates
131,1,131,whether
132,1,132,reported
133,1,133,common
134,1,134,determined
135,1,135,concentration
136,1,136,isolated
137,1,137,conditions
138,0,138,cancer
139,1,139,mediated
140,0,140,animals
141,1,141,inhibition
142,1,142,provide
143,1,143,non
144,1,144,greater
145,1,145,produced
146,1,146,required
147,1,147,sequences
148,1,148,examined
149,1,149,anti
150,1,150,chronic
151,1,151,production
152,0,152,months
153,0,153,receptors
154,1,154,revealed
155,1,155,involved
156,1,156,acute
157,1,157,detected
158,1,158,replication
159,1,159,approximately
160,1,160,active
161,1,161,derived
162,1,162,symptoms
163,1,163,demonstrate
164,1,164,period
165,1,165,expressed
166,1,166,measured
167,1,167,mutations
168,1,168,respectively
169,1,169,controls
170,0,170,weight
171,1,171,highly
172,1,172,various
173,1,173,ability
174,1,174,information
175,1,175,developed
176,1,176,range
177,1,177,negative
178,1,178,mutant
179,1,179,individuals
180,1,180,domain
181,0,181,rats
182,1,182,recent
183,1,183,process
184,1,184,decreased
185,0,185,tumor
186,1,186,target
187,0,187,molecules
188,1,188,terminal
189,1,189,relative
190,1,190,release
191,1,191,research
192,1,192,experiments
193,1,193,phase
194,1,194,suggests
195,1,195,types
196,1,196,determine
197,1,197,result
198,1,198,effective
199,1,199,ratio
200,1,200,association
201,1,201,method
202,0,202,insulin
203,1,203,resistance
204,0,204,nuclear
205,1,205,multiple
206,1,206,interaction
207,0,207,asthma
208,1,208,occurred
209,1,209,independent
210,1,210,areas
211,0,211,kinase
212,1,212,individual
213,1,213,gamma
214,0,214,genome
215,1,215,area
216,1,216,systems
217,1,217,tested
218,1,218,support
219,1,219,mortality
220,1,220,reaction
221,1,221,percent
222,0,222,weeks
223,1,223,events
224,1,224,frequency
225,1,225,reduction
226,1,226,distribution
227,1,227,therefore
228,1,228,suggesting
229,1,229,temperature
230,1,230,models
231,1,231,stimulation
232,1,232,pressure
233,0,233,cortex
234,1,234,central
235,0,235,adult
236,1,236,degrees
237,1,237,regulation
238,1,238,current
239,0,239,nucleus
240,1,240,severe
241,1,241,caused
242,0,242,glucose
243,1,243,patterns
244,1,244,distinct
245,1,245,administration
246,1,246,sensitive
247,1,247,drugs
248,1,248,signaling
249,1,249,interactions
250,0,250,viruses
251,1,251,consistent
252,1,252,properties
253,1,253,disorders
254,1,254,appears
255,1,255,basis
256,1,256,essential
257,0,257,placebo
258,1,258,characterized
259,1,259,diagnosis
260,1,260,suggested
261,1,261,pattern
262,1,262,previous
263,1,263,investigated
264,1,264,functions
265,1,265,described
266,1,266,pathway
267,1,267,medical
268,1,268,processes
269,1,269,disorder
270,1,270,density
271,1,271,purified
272,1,272,absence
273,1,273,activated
274,1,274,syndrome
275,0,275,lymphocytes
276,1,276,culture
277,1,277,inhibited
278,1,278,labeled
279,1,279,action
280,1,280,inhibitor
281,0,281,renal
282,1,282,survival
283,1,283,approach
284,1,284,acids
285,0,285,peptide
286,1,286,values
287,1,287,followed
288,0,288,hormone
289,1,289,resulted
290,1,290,performed
291,1,291,structural
292,1,292,initial
293,1,293,components
294,1,294,mutation
295,1,295,critical
296,1,296,decrease
297,0,297,memory
298,1,298,peripheral
299,1,299,diseases
300,1,300,methods
301,1,301,hypothesis
302,1,302,stress
303,0,303,muscle
304,1,304,relationship
305,1,305,structures
306,0,306,depression
307,1,307,behavior
308,1,308,populations
309,1,309,incidence
310,0,310,times
311,1,311,defined
312,0,312,oral
313,1,313,strain
314,1,314,social
315,1,315,increases
316,1,316,enhanced
317,1,317,tests
318,1,318,samples
319,1,319,reactions
320,1,320,furthermore
321,1,321,occur
322,1,322,analyses
323,1,323,understanding
324,1,324,strains
325,0,325,mutants
326,1,326,identify
327,1,327,cultures
328,0,328,lesions
329,0,329,lines
330,1,330,discussed
331,0,331,antigens
332,1,332,additional
333,1,333,novel
334,0,334,infections
335,1,335,correlated
336,1,336,component
337,1,337,available
338,1,338,controlled
339,1,339,assessed
340,1,340,visual
341,0,341,chromosome
342,1,342,complete
343,1,343,transport
344,1,344,received
345,1,345,induction
346,1,346,linked
347,1,347,indicated
348,1,348,increasing
349,1,349,sensitivity
350,1,350,established
351,1,351,differentiation
352,1,352,tissues
353,1,353,experimental
354,1,354,forms
355,0,355,inflammatory
356,1,356,overall
357,0,357,min
358,1,358,imaging
359,1,359,processing
360,1,360,cycle
361,0,361,particles
362,1,362,combination
363,1,363,occurs
364,0,364,calcium
365,1,365,transfer
366,1,366,failure
367,1,367,complexes
368,1,368,signal
369,1,369,rapid
370,1,370,injection
371,0,371,bacterial
372,1,372,volume
373,1,373,recently
374,1,374,promoter
375,1,375,products
376,1,376,regulatory
377,1,377,recognition
378,0,378,sodium
379,1,379,affected
380,1,380,natural
381,1,381,energy
382,0,382,assay
383,1,383,resistant
384,1,384,responsible
385,1,385,limited
386,1,386,therapeutic
387,1,387,bound
388,1,388,activities
389,1,389,pathways
390,1,390,included
391,1,391,characteristics
392,0,392,lung
393,1,393,interval
394,1,394,features
395,1,395,influence
396,1,396,onset
397,0,397,electron
398,1,398,directly
399,1,399,female
400,1,400,quality
401,1,401,contain
402,1,402,agents
403,0,403,cognitive
404,1,404,doses
405,1,405,exposed
406,1,406,biological
407,1,407,considered
408,1,408,specificity
409,1,409,environmental
410,1,410,comparison
411,1,411,via
412,0,412,molecule
413,1,413,analyzed
414,1,414,produce
415,0,415,coli
416,0,416,oxygen
417,1,417,probably
418,1,418,contained
419,1,419,stimulated
420,1,420,presented
421,1,421,regulated
422,0,422,intracellular
423,0,423,metabolism
424,0,424,secretion
425,0,425,cortical
426,0,426,hours
427,1,427,provides
428,0,428,diabetes
429,1,429,affinity
430,1,430,capacity
431,1,431,endogenous
432,1,432,specifically
433,1,433,physical
434,1,434,domains
435,0,435,polymerase
436,1,436,indicating
437,1,437,content
438,1,438,residues
439,0,439,schizophrenia
440,1,440,physicians
441,1,441,generated
442,1,442,combined
443,1,443,mass
444,0,444,subunit
445,1,445,evaluated
446,1,446,correlation
447,1,447,degree
448,1,448,secondary
449,1,449,average
450,1,450,outcome
451,1,451,trial
452,0,452,phenotype
453,1,453,lateral
454,0,454,neural
455,1,455,elevated
456,1,456,unique
457,1,457,despite
458,0,458,clones
459,1,459,fusion
460,1,460,causes
461,1,461,resulting
462,0,462,murine
463,0,463,peptides
464,1,464,observations
465,1,465,proliferation
466,0,466,respiratory
467,1,467,status
468,1,468,particular
469,0,469,enzymes
470,0,470,allergic
471,1,471,selective
472,1,472,performance
473,1,473,chemical
474,1,474,scale
475,1,475,prevalence
476,1,476,uptake
477,1,477,relatively
478,1,478,assess
479,1,479,practice
480,1,480,contains
481,1,481,efficacy
482,1,482,confidence
483,1,483,sex
484,1,484,technique
485,0,485,neuronal
486,1,486,subsequent
487,1,487,induce
488,0,488,cardiac
489,1,489,community
490,1,490,lack
491,1,491,remains
492,1,492,deficient
493,0,493,plants
494,1,494,affect
495,1,495,located
496,0,496,recombinant
497,0,497,tumors
498,1,498,injury
499,0,499,humans
500,1,500,formed
501,1,501,generation
502,1,502,fraction
503,1,503,necessary
504,1,504,accumulation
505,1,505,families
506,1,506,local
507,1,507,proposed
508,1,508,elements
509,1,509,outcomes
510,1,510,baseline
511,1,511,testing
512,0,512,kidney
513,1,513,requires
514,1,514,variety
515,1,515,physiological
516,1,516,selected
517,1,517,particularly
518,1,518,include
519,1,519,variation
520,1,520,measures
521,0,521,later
522,1,522,trials
523,1,523,management
524,1,524,conserved
525,1,525,contact
526,1,526,mammalian
527,1,527,series
528,1,528,fibers
529,1,529,developing
530,1,530,network
531,1,531,strongly
532,1,532,encoding
533,1,533,inhibitory
534,1,534,inhibitors
535,1,535,intervention
536,1,536,participants
537,1,537,product
538,1,538,improved
539,1,539,appeared
540,1,540,selection
541,1,541,compounds
542,1,542,underlying
543,1,543,diagnostic
544,1,544,medium
545,1,545,measurements
546,0,546,phosphorylation
547,1,547,initiation
548,1,548,origin
549,1,549,temporal
550,1,550,develop
551,1,551,conclude
552,1,552,contribute
553,0,553,metabolic
554,1,554,knowledge
555,1,555,problems
556,1,556,complement
557,1,557,challenge
558,0,558,cerebral
559,1,559,indicates
560,1,560,identical
561,1,561,inhibit
562,1,562,extent
563,1,563,marked
564,1,564,predicted
565,1,565,program
566,1,566,standard
567,1,567,administered
568,0,568,infectious
569,1,569,importance
570,1,570,adverse
571,1,571,provided
572,0,572,bacteria
573,1,573,intact
574,1,574,receiving
575,1,575,sample
576,0,576,deletion
577,0,577,cholesterol
578,1,578,members
579,0,579,marrow
580,1,580,locus
581,0,581,males
582,1,582,altered
583,1,583,reduce
584,1,584,impact
585,1,585,apparent
586,0,586,numbers
587,1,587,source
588,1,588,assessment
589,0,589,transcriptional
590,1,590,duration
591,0,591,plus
592,0,592,vascular
593,0,593,maternal
594,1,594,investigate
595,1,595,nature
596,1,596,intravenous
597,0,597,adults
598,1,598,confirmed
599,0,599,nucleotide
600,1,600,substrate
601,1,601,prior
602,0,602,membranes
603,1,603,signals
604,1,604,impaired
605,1,605,suppression
606,0,606,pulmonary
607,0,607,extracellular
608,1,608,amounts
609,1,609,evolution
610,1,610,corresponding
611,1,611,fluid
612,1,612,abnormalities
613,1,613,moreover
614,0,614,phage
615,0,615,hepatitis
616,0,616,spleen
617,1,617,sufficient
618,1,618,shows
619,1,619,transmission
620,1,620,criteria
621,0,621,lymphocyte
622,1,622,magnetic
623,1,623,strategies
624,0,624,surgery
625,1,625,future
626,1,626,core
627,1,627,internal
628,1,628,laboratory
629,1,629,transformed
630,1,630,closely
631,1,631,constant
632,1,632,gel
633,1,633,basal
634,0,634,sera
635,1,635,environment
636,1,636,versus
637,1,637,homologous
638,1,638,material
639,1,639,applied
640,1,640,throughout
641,0,641,psychiatric
642,1,642,alternative
643,1,643,identification
644,0,644,lipid
645,0,645,assays
646,1,646,stages
647,1,647,detection
648,1,648,chains
649,1,649,expected
650,1,650,illness
651,0,651,synaptic
652,1,652,examine
653,1,653,screening
654,1,654,manner
655,0,655,epithelial
656,1,656,infants
657,1,657,estimated
658,1,658,techniques
659,0,659,inflammation
660,0,660,macrophages
661,1,661,examination
662,1,662,recombination
663,0,663,nervous
664,0,664,endothelial
665,1,665,prevent
666,1,666,deficiency
667,0,667,interferon
668,1,668,scores
669,1,669,procedure
670,1,670,markers
671,0,671,larger
672,1,672,generally
673,1,673,conducted
674,1,674,proportion
675,1,675,represent
676,1,676,behavioral
677,1,677,leading
678,1,678,cleavage
679,1,679,expressing
680,0,680,leukemia
681,1,681,abnormal
682,1,682,females
683,0,683,pre
684,1,684,quantitative
685,1,685,synthesized
686,1,686,characteristic
687,1,687,spatial
688,1,688,sensory
689,1,689,mental
690,1,690,reverse
691,1,691,finding
692,1,692,remained
693,1,693,completely
694,1,694,directed
695,0,695,tyrosine
696,0,696,polypeptide
697,1,697,evaluation
698,1,698,degradation
699,0,699,phosphate
700,1,700,primarily
701,1,701,transient
702,1,702,exhibited
703,1,703,markedly
704,1,704,leads
705,1,705,fragments
706,0,706,immunodeficiency
707,1,707,differ
708,1,708,maximum
709,1,709,training
710,0,710,nuclei
711,0,711,urinary
712,1,712,intermediate
713,1,713,basic
714,1,714,position
715,0,715,infusion
716,1,716,index
717,1,717,evaluate
718,1,718,stimuli
719,1,719,reactive
720,1,720,progression
721,1,721,subunits
722,1,722,injected
723,1,723,frequently
724,0,724,immunoglobulin
725,0,725,fetal
726,1,726,mature
727,0,727,artery
728,1,728,median
729,1,729,stimulus
730,0,730,carbon
731,1,731,roles
732,1,732,resolution
733,1,733,severity
734,0,734,platelet
735,1,735,layer
736,1,736,achieved
737,1,737,needed
738,1,738,relation
739,1,739,fragment
740,0,740,allergen
741,0,741,microscopy
742,1,742,tolerance
743,1,743,variants
744,1,744,relevant
745,1,745,translation
746,1,746,restricted
747,1,747,failed
748,1,748,extracts
749,0,749,myocardial
750,1,750,pathogenesis
751,0,751,cytoplasmic
752,1,752,assembly
753,1,753,substantial
754,0,754,hypertension
755,1,755,reveal
756,1,756,developmental
757,1,757,prepared
758,0,758,escherichia
759,0,759,cardiovascular
760,1,760,systemic
761,1,761,especially
762,0,762,coronary
763,1,763,detectable
764,1,764,carried
765,1,765,event
766,0,766,main
767,1,767,require
768,1,768,national
769,1,769,according
770,1,770,design
771,1,771,approaches
772,1,772,involving
773,1,773,marker
774,1,774,agent
775,0,775,cultured
776,1,776,cohort
777,1,777,composition
778,1,778,linear
779,1,779,capable
780,1,780,biochemical
781,0,781,monoclonal
782,1,782,incubation
783,1,783,recognized
784,1,784,largely
785,1,785,transition
786,0,786,older
787,1,787,variable
788,1,788,forming
789,1,789,delayed
790,1,790,occurring
791,1,791,exhibit
792,0,792,hepatic
793,1,793,context
794,1,794,application
795,0,795,longer
796,0,796,countries
797,1,797,highest
798,0,798,plays
799,0,799,anxiety
800,1,800,solution
801,1,801,earlier
802,1,802,matched
803,0,803,ca
804,0,804,vaccine
805,0,805,genomic
806,1,806,pairs
807,1,807,blocked
808,1,808,channels
809,0,809,influenza
810,1,810,collected
811,0,811,apoptosis
812,1,812,extensive
813,0,813,antigenic
814,1,814,implications
815,1,815,coding
816,0,816,erythrocytes
817,1,817,experience
818,1,818,prevention
819,1,819,potent
820,1,820,maintenance
821,0,821,mitochondrial
822,0,822,urine
823,1,823,appropriate
824,1,824,tract
825,1,825,organization
826,1,826,majority
827,0,827,hybridization
828,1,828,preparations
829,1,829,parameters
830,1,830,restriction
831,1,831,others
832,1,832,alterations
833,0,833,arterial
834,1,834,yeast
835,1,835,targets
836,1,836,improvement
837,1,837,learning
838,1,838,alcohol
839,0,839,ligand
840,1,840,global
841,1,841,modified
842,1,842,problem
843,1,843,complications
844,1,844,effectiveness
845,1,845,cyclic
846,1,846,conventional
847,1,847,partial
848,1,848,induces
849,1,849,resonance
850,1,850,randomized
851,1,851,smoking
852,1,852,adjusted
853,0,853,soluble
854,0,854,co
855,1,855,express
856,1,856,differential
857,1,857,released
858,1,858,transcripts
859,1,859,anterior
860,1,860,recovery
861,0,861,infarction
862,1,862,loci
863,1,863,terms
864,1,864,organisms
865,1,865,prolonged
866,1,866,defective
867,1,867,synthetic
868,0,868,vitamin
869,1,869,parental
870,1,870,condition
871,1,871,localization
872,0,872,fibroblasts
873,1,873,mainly
874,1,874,susceptibility
875,1,875,segment
876,1,876,possibility
877,0,877,radiation
878,1,878,maintained
879,1,879,interest
880,1,880,comparable
881,0,881,embryonic
882,1,882,spontaneous
883,1,883,theory
884,1,884,percentage
885,1,885,independently
886,1,886,efficient
887,1,887,literature
888,1,888,units
889,1,889,recorded
890,1,890,pregnancy
891,1,891,normally
892,1,892,stranded
893,0,893,immunity
894,1,894,precursor
895,1,895,cloned
896,1,896,localized
897,1,897,latter
898,1,898,propose
899,1,899,medial
900,1,900,potentially
901,1,901,incorporation
902,1,902,reactivity
903,1,903,lesion
904,1,904,reviewed
905,1,905,matrix
906,1,906,usually
907,0,907,intestinal
908,1,908,assigned
909,1,909,diet
910,1,910,diversity
911,1,911,poly
912,1,912,sexual
913,1,913,odds
914,1,914,images
915,1,915,toxicity
916,1,916,dorsal
917,1,917,clinically
918,1,918,regulate
919,0,919,albumin
920,1,920,delivery
921,1,921,circulating
922,1,922,authors
923,1,923,observation
924,1,924,reports
925,1,925,producing
926,1,926,diverse
927,0,927,electrophoresis
928,1,928,randomly
929,1,929,seems
930,1,930,sources
931,1,931,services
932,1,932,transformation
933,1,933,fatty
934,1,934,understood
935,1,935,entry
936,0,936,dendritic
937,0,937,smaller
938,1,938,newly
939,1,939,apparently
940,0,940,dopamine
941,0,941,cytotoxic
942,0,942,allele
943,1,943,physician
944,1,944,labeling
945,1,945,putative
946,1,946,investigation
947,1,947,clearance
948,1,948,absorption
949,1,949,added
950,1,950,native
951,1,951,involvement
952,1,952,hybrid
953,1,953,determinants
954,1,954,partially
955,1,955,posterior
956,1,956,treatments
957,0,957,embryos
958,0,958,drosophila
959,1,959,targeted
960,1,960,widely
961,0,961,protection
962,1,962,moderate
963,1,963,appearance
964,1,964,strand
965,0,965,lymph
966,1,966,example
967,0,967,depressive
968,1,968,linkage
969,1,969,channel
970,1,970,spectrum
971,1,971,dominant
972,0,972,al
973,1,973,binds
974,1,974,interventions
975,1,975,survey
976,0,976,adhesion
977,1,977,represents
978,1,978,defects
979,1,979,transplantation
980,1,980,frontal
981,0,981,spinal
982,1,982,excretion
983,1,983,magnitude
984,1,984,guinea
985,0,985,stroke
986,1,986,strategy
987,1,987,encoded
988,1,988,frequent
989,1,989,regression
990,1,990,mixed
991,1,991,stability
992,1,992,periods
993,0,993,chromosomes
994,1,994,calculated
995,1,995,associations
996,0,996,ventricular
997,1,997,defect
998,1,998,dysfunction
999,0,999,mothers
1000,1,1000,respect
1001,1,1001,portion
1002,1,1002,variant
1003,1,1003,prevented
1004,1,1004,significance
1005,1,1005,continuous
1006,1,1006,estimate
1007,1,1007,residue
1008,1,1008,diagnosed
1009,0,1009,ion
1010,1,1010,decision
1011,0,1011,plasmid
1012,0,1012,vesicles
1013,0,1013,melatonin
1014,1,1014,mild
1015,1,1015,isolates
1016,0,1016,antiviral
1017,0,1017,chromatin
1018,1,1018,possibly
1019,1,1019,benefit
1020,0,1020,staining
1021,1,1021,unit
1022,1,1022,respond
1023,1,1023,vector
1024,1,1024,procedures
1025,0,1025,et
1026,0,1026,bovine
1027,1,1027,homology
1028,1,1028,ratios
1029,0,1029,transgenic
1030,1,1030,reducing
1031,1,1031,acquired
1032,1,1032,separated
1033,1,1033,poorly
1034,1,1034,superior
1035,1,1035,designed
1036,1,1036,accompanied
1037,1,1037,lambda
1038,0,1038,antibiotic
1039,1,1039,parallel
1040,1,1040,measurement
1041,1,1041,medication
1042,0,1042,protease
1043,1,1043,costs
1044,1,1044,persons
1045,1,1045,continued
1046,1,1046,intensity
1047,1,1047,delta
1048,1,1048,fractions
1049,1,1049,random
1050,1,1050,segments
1051,1,1051,substance
1052,0,1052,methylation
1053,0,1053,embryo
1054,1,1054,establish
1055,1,1055,injections
1056,1,1056,estimates
1057,1,1057,inhibits
1058,0,1058,actin
1059,1,1059,connectivity
1060,1,1060,preparation
1061,1,1061,terminals
1062,1,1062,lacking
1063,1,1063,regional
1064,1,1064,removal
1065,1,1065,mapping
1066,1,1066,dynamics
1067,0,1067,lymphoid
1068,1,1068,concluded
1069,1,1069,maximal
1070,0,1070,cytokine
1071,1,1071,location
1072,1,1072,similarly
1073,0,1073,pollen
1074,1,1074,greatly
1075,0,1075,thymus
1076,1,1076,persistent
1077,1,1077,involves
1078,1,1078,donor
1079,1,1079,clearly
1080,1,1080,particle
1081,1,1081,modification
1082,1,1082,probe
1083,1,1083,substrates
1084,1,1084,implicated
1085,0,1085,sulfate
1086,1,1086,ventral
1087,0,1087,ii
1088,1,1088,profile
1089,1,1089,completed
1090,1,1090,aspects
1091,0,1091,adenovirus
1092,1,1092,prospective
1093,1,1093,serious
1094,1,1094,repeated
1095,0,1095,olfactory
1096,0,1096,chromatography
1097,0,1097,globin
1098,0,1098,axons
1099,0,1099,methyl
1100,1,1100,evolutionary
1101,0,1101,potassium
1102,1,1102,article
1103,1,1103,element
1104,1,1104,noted
1105,1,1105,shared
1106,1,1106,adjacent
1107,1,1107,relationships
1108,1,1108,airway
1109,0,1109,adenosine
1110,1,1110,efficiency
1111,1,1111,inactivation
1112,1,1112,acting
1113,1,1113,exercise
1114,1,1114,decreases
1115,0,1115,virions
1116,1,1116,programs
1117,1,1117,dynamic
1118,1,1118,practices
1119,1,1119,minor
1120,1,1120,movement
1121,0,1121,somatic
1122,1,1122,suppressed
1123,1,1123,protective
1124,0,1124,glycoprotein
1125,1,1125,alter
1126,1,1126,upstream
1127,1,1127,existence
1128,1,1128,points
1129,1,1129,specimens
1130,0,1130,sequencing
1131,0,1131,atopic
1132,1,1132,depends
1133,1,1133,clone
1134,1,1134,unclear
1135,0,1135,na
1136,1,1136,regulating
1137,1,1137,enhancement
1138,0,1138,ag
1139,1,1139,signs
1140,1,1140,input
1141,1,1141,currently
1142,1,1142,sections
1143,0,1143,allergy
1144,1,1144,immediate
1145,1,1145,inducing
1146,1,1146,monitoring
1147,1,1147,fields
1148,1,1148,classes
1149,1,1149,statistically
1150,0,1150,collagen
1151,1,1151,rare
1152,1,1152,targeting
1153,0,1153,gastrointestinal
1154,1,1154,decline
1155,0,1155,steroid
1156,1,1156,controlling
1157,1,1157,toxic
1158,1,1158,statistical
1159,1,1159,kinetics
1160,0,1160,chromosomal
1161,1,1161,commonly
1162,1,1162,excess
1163,1,1163,kappa
1164,1,1164,providing
1165,1,1165,susceptible
1166,1,1166,regulates
1167,1,1167,entire
1168,1,1168,sensitization
1169,0,1169,toxin
1170,1,1170,typical
1171,1,1171,dependence
1172,1,1172,distal
1173,1,1173,maturation
1174,1,1174,frequencies
1175,1,1175,nasal
1176,0,1176,skeletal
1177,1,1177,isolation
1178,1,1178,generate
1179,1,1179,subsequently
1180,0,1180,alleles
1181,0,1181,pancreatic
1182,1,1182,education
1183,1,1183,downstream
1184,1,1184,networks
1185,1,1185,slightly
1186,1,1186,variables
1187,1,1187,situ
1188,1,1188,employed
1189,1,1189,extended
1190,1,1190,showing
1191,0,1191,histone
1192,1,1192,reflect
1193,1,1193,existing
1194,1,1194,gradient
1195,1,1195,occurrence
1196,1,1196,detect
1197,1,1197,bleeding
1198,1,1198,dimensional
1199,1,1199,access
1200,1,1200,facilitate
1201,1,1201,called
1202,0,1202,serine
1203,1,1203,migration
1204,1,1204,encodes
1205,0,1205,depressed
1206,1,1206,behaviour
1207,1,1207,questionnaire
1208,1,1208,interact
1209,0,1209,rabbits
1210,0,1210,ig
1211,1,1211,organic
1212,1,1212,subset
1213,1,1213,selectively
1214,0,1214,pathogens
1215,1,1215,impairment
1216,1,1216,efficiently
1217,1,1217,mediate
1218,0,1218,carcinoma
1219,1,1219,progressive
1220,1,1220,promote
1221,1,1221,bearing
1222,1,1222,proximal
1223,1,1223,regarding
1224,1,1224,shift
1225,1,1225,auditory
1226,1,1226,raised
1227,0,1227,thyroid
1228,1,1228,responsive
1229,1,1229,mechanical
1230,1,1230,grown
1231,1,1231,outer
1232,1,1232,successful
1233,0,1233,cytoplasm
1234,0,1234,leukocytes
1235,1,1235,coupled
1236,1,1236,framework
1237,1,1237,consequences
1238,1,1238,variability
1239,1,1239,allowed
1240,0,1240,cytokines
1241,1,1241,morbidity
1242,1,1242,substantially
1243,1,1243,composed
1244,1,1244,diffusion
1245,0,1245,surgical
1246,1,1246,reproductive
1247,1,1247,zone
1248,1,1248,actions
1249,1,1249,characterization
1250,1,1250,emotional
1251,0,1251,postnatal
1252,0,1252,cytochrome
1253,0,1253,venous
1254,0,1254,interleukin
1255,0,1255,hydrogen
1256,1,1256,difficult
1257,0,1257,necrosis
1258,0,1258,herpes
1259,1,1259,predominantly
1260,0,1260,adrenal
1261,1,1261,lethal
1262,0,1262,serotonin
1263,1,1263,inner
1264,1,1264,determining
1265,0,1265,parents
1266,1,1266,remaining
1267,1,1267,complementary
1268,1,1268,define
1269,1,1269,compound
1270,1,1270,enhance
1271,1,1271,constructed
1272,0,1272,hemoglobin
1273,1,1273,phenomenon
1274,0,1274,bile
1275,0,1275,fluorescence
1276,1,1276,varied
1277,1,1277,adaptation
1278,1,1278,discuss
1279,1,1279,layers
1280,1,1280,recipients
1281,1,1281,simultaneously
1282,1,1282,suppressor
1283,1,1283,numerous
1284,0,1284,pituitary
1285,1,1285,integration
1286,1,1286,motion
1287,1,1287,intervals
1288,1,1288,offspring
1289,0,1289,allergens
1290,1,1290,thereby
1291,1,1291,reference
1292,1,1292,activate
1293,0,1293,malignant
1294,1,1294,experiment
1295,1,1295,residents
1296,1,1296,division
1297,0,1297,neonatal
1298,0,1298,chemotherapy
1299,1,1299,pro
1300,0,1300,catalytic
1301,1,1301,precise
1302,1,1302,sensitized
1303,1,1303,morphology
1304,0,1304,bipolar
1305,1,1305,intake
1306,1,1306,axis
1307,0,1307,phenotypes
1308,0,1308,deaths
1309,1,1309,donors
1310,1,1310,heterogeneity
1311,1,1311,conversion
1312,1,1312,issues
1313,1,1313,predict
1314,0,1314,prefrontal
1315,0,1315,diabetic
1316,0,1316,immunization
1317,1,1317,initially
1318,1,1318,external
1319,1,1319,focus
1320,1,1320,questions
1321,1,1321,initiated
1322,1,1322,original
1323,1,1323,progress
1324,1,1324,sustained
1325,0,1325,nitrogen
1326,1,1326,feature
1327,0,1327,immunological
1328,1,1328,identity
1329,1,1329,comparing
1330,1,1330,effector
1331,0,1331,mitochondria
1332,1,1332,conclusion
1333,1,1333,media
1334,1,1334,regimen
1335,1,1335,minutes
1336,1,1336,optimal
1337,1,1337,organs
1338,1,1338,barrier
1339,1,1339,balance
1340,1,1340,advances
1341,1,1341,contribution
1342,1,1342,considerable
1343,1,1343,vectors
1344,0,1344,cancers
1345,1,1345,extract
1346,1,1346,reveals
1347,1,1347,depletion
1348,0,1348,genetically
1349,0,1349,immunoreactive
1350,1,1350,displayed
1351,0,1351,polypeptides
1352,0,1352,hormones
1353,1,1353,terminus
1354,0,1354,myc
1355,0,1355,virion
1356,0,1356,glutamate
1357,1,1357,yield
1358,1,1358,cluster
1359,0,1359,dietary
1360,1,1360,solutions
1361,0,1361,trans
1362,1,1362,exist
1363,1,1363,allows
1364,1,1364,benefits
1365,1,1365,hospitals
1366,1,1366,maintain
1367,0,1367,monkeys
1368,1,1368,episodes
1369,1,1369,diameter
1370,1,1370,issue
1371,0,1371,nucleotides
1372,0,1372,simian
1373,0,1373,estrogen
1374,1,1374,published
1375,1,1375,effectively
1376,1,1376,crucial
1377,0,1377,translocation
1378,1,1378,expansion
1379,1,1379,workers
1380,1,1380,explained
1381,1,1381,abuse
1382,1,1382,exogenous
1383,1,1383,integrated
1384,0,1384,microbial
1385,1,1385,widespread
1386,1,1386,distance
1387,1,1387,stimulate
1388,0,1388,solid
1389,1,1389,readily
1390,0,1390,retinal
1391,1,1391,causing
1392,1,1392,distributed
1393,1,1393,unrelated
1394,0,1394,macrophage
1395,1,1395,materials
1396,1,1396,students
1397,1,1397,produces
1398,0,1398,thymidine
1399,1,1399,accurate
1400,1,1400,ranging
1401,1,1401,volunteers
1402,0,1402,histamine
1403,1,1403,growing
1404,1,1404,science
1405,0,1405,computer
1406,0,1406,oxidation
1407,0,1407,phosphatase
1408,0,1408,irradiation
1409,0,1409,sarcoma
1410,1,1410,counts
1411,1,1411,substitutions
1412,1,1412,motif
1413,1,1413,pulse
1414,1,1414,consistently
1415,0,1415,hippocampal
1416,0,1416,testosterone
1417,1,1417,insertion
1418,1,1418,differentiated
1419,1,1419,longitudinal
1420,1,1420,profiles
1421,1,1421,underwent
1422,1,1422,consumption
1423,1,1423,randomised
1424,0,1424,psychological
1425,1,1425,introduced
1426,1,1426,affects
1427,0,1427,adrenergic
1428,1,1428,variations
1429,1,1429,modulation
1430,0,1430,carotid
1431,0,1431,antiserum
1432,0,1432,ganglion
1433,1,1433,strength
1434,1,1434,communication
1435,1,1435,feedback
1436,1,1436,systematic
1437,1,1437,symptom
1438,1,1438,centers
1439,1,1439,consists
1440,0,1440,platelets
1441,1,1441,feeding
1442,1,1442,heterogeneous
1443,0,1443,zinc
1444,1,1444,recurrent
1445,1,1445,parts
1446,1,1446,replacement
1447,0,1447,endotoxin
1448,1,1448,display
1449,1,1449,reached
1450,0,1450,transduction
1451,1,1451,positions
1452,1,1452,supported
1453,1,1453,equilibrium
1454,0,1454,transmembrane
1455,1,1455,fluorescent
1456,1,1456,temperatures
1457,0,1457,env
1458,0,1458,abdominal
1459,1,1459,liquid
1460,1,1460,experienced
1461,1,1461,involve
1462,1,1462,steps
1463,0,1463,oxidative
1464,1,1464,output
1465,0,1465,genotype
1466,1,1466,elicited
1467,1,1467,therapies
1468,0,1468,globulin
1469,1,1469,infant
1470,1,1470,probes
1471,1,1471,functionally
1472,1,1472,recovered
1473,0,1473,epitopes
1474,0,1474,erythrocyte
1475,1,1475,morphological
1476,0,1476,genomes
1477,1,1477,symptomatic
1478,1,1478,suicide
1479,1,1479,clinic
1480,1,1480,fewer
1481,1,1481,demonstrates
1482,0,1482,autoimmune
1483,0,1483,ions
1484,1,1484,recommended
1485,1,1485,resting
1486,0,1486,microg
1487,1,1487,activating
1488,0,1488,immunized
1489,1,1489,yielded
1490,1,1490,incubated
1491,1,1491,innate
1492,0,1492,malaria
1493,1,1493,arrest
1494,1,1494,presentation
1495,1,1495,insights
1496,1,1496,reversed
1497,1,1497,carrying
1498,1,1498,carrier
1499,1,1499,fiber
1500,1,1500,hazard
1501,0,1501,axon
1502,1,1502,responsiveness
1503,1,1503,represented
1504,1,1504,communities
1505,1,1505,inferior
1506,1,1506,interference
1507,0,1507,ends
1508,1,1508,extracted
1509,0,1509,epithelium
1510,1,1510,concept
1511,1,1511,immediately
1512,1,1512,evident
1513,1,1513,influenced
1514,1,1514,removed
1515,1,1515,deficits
1516,1,1516,accuracy
1517,0,1517,pregnant
1518,1,1518,minimal
1519,1,1519,probability
1520,1,1520,clusters
1521,1,1521,obesity
1522,1,1522,guidelines
1523,1,1523,orientation
1524,1,1524,sequential
1525,0,1525,aspirin
1526,1,1526,special
1527,1,1527,characterize
1528,1,1528,precursors
1529,0,1529,lineage
1530,1,1530,adolescents
1531,1,1531,agreement
1532,1,1532,adaptive
1533,1,1533,needs
1534,0,1534,gland
1535,0,1535,hamster
1536,1,1536,regulator
1537,1,1537,equivalent
1538,0,1538,schizophrenic
1539,1,1539,includes
1540,1,1540,risks
1541,1,1541,attachment
1542,0,1542,leukocyte
1543,1,1543,supporting
1544,0,1544,norepinephrine
1545,1,1545,crystal
1546,1,1546,determinant
1547,0,1547,hypersensitivity
1548,1,1548,biology
1549,1,1549,elderly
1550,1,1550,blockade
1551,0,1551,nucleic
1552,1,1552,surfaces
1553,0,1553,hematopoietic
1554,1,1554,mammals
1555,0,1555,simplex
1556,1,1556,recruitment
1557,1,1557,mixture
1558,1,1558,episode
1559,1,1559,incorporated
1560,1,1560,electrical
1561,0,1561,hippocampus
1562,0,1562,oxide
1563,1,1563,objective
1564,1,1564,stimulating
1565,1,1565,dosage
1566,1,1566,emission
1567,0,1567,histocompatibility
1568,1,1568,detailed
1569,0,1569,metabolites
1570,1,1570,turnover
1571,1,1571,advanced
1572,0,1572,pharmacological
1573,1,1573,secreted
1574,1,1574,classical
1575,1,1575,elimination
1576,1,1576,untreated
1577,1,1577,gag
1578,1,1578,bilateral
1579,1,1579,threshold
1580,1,1580,deletions
1581,0,1581,acetylcholine
1582,0,1582,antibiotics
1583,1,1583,purpose
1584,1,1584,unable
1585,1,1585,functioning
1586,1,1586,kinetic
1587,0,1587,elongation
1588,1,1588,steady
1589,1,1589,working
1590,1,1590,limit
1591,0,1591,pathogenic
1592,0,1592,caspase
1593,1,1593,consequence
1594,0,1594,sucrose
1595,1,1595,leaves
1596,1,1596,latent
1597,1,1597,influences
1598,1,1598,disruption
1599,0,1599,myeloma
1600,1,1600,consisting
1601,1,1601,newborn
1602,1,1602,mode
1603,1,1603,documented
1604,1,1604,records
1605,0,1605,phosphorylated
1606,1,1606,proved
1607,1,1607,undergoing
1608,0,1608,plaque
1609,1,1609,circulation
1610,1,1610,pathogen
1611,0,1611,dendrites
1612,0,1612,african
1613,1,1613,explore
1614,1,1614,overexpression
1615,1,1615,weighted
1616,1,1616,climate
1617,0,1617,infectivity
1618,0,1618,helix
1619,1,1619,availability
1620,1,1620,pathological
1621,1,1621,rural
1622,0,1622,transcriptase
1623,1,1623,image
1624,1,1624,positively
1625,0,1625,dehydrogenase
1626,1,1626,remission
1627,1,1627,presumably
1628,1,1628,treating
1629,0,1629,biosynthesis
1630,1,1630,comparisons
1631,1,1631,attributed
1632,1,1632,conformation
1633,1,1633,varying
1634,1,1634,exists
1635,1,1635,cocaine
1636,1,1636,unlike
1637,0,1637,splicing
1638,1,1638,determination
1639,1,1639,technology
1640,1,1640,admission
1641,1,1641,differed
1642,1,1642,routine
1643,1,1643,affecting
1644,0,1644,chloride
1645,1,1645,fundamental
1646,1,1646,velocity
1647,1,1647,challenges
1648,0,1648,lysine
1649,0,1649,promoters
1650,1,1650,force
1651,1,1651,link
1652,0,1652,mutagenesis
1653,1,1653,candidate
1654,1,1654,activator
1655,1,1655,locations
1656,1,1656,conformational
1657,1,1657,retention
1658,1,1658,copies
1659,0,1659,parietal
1660,0,1660,asthmatic
1661,1,1661,permeability
1662,1,1662,brief
1663,1,1663,investigations
1664,1,1664,invasive
1665,1,1665,agonist
1666,1,1666,trend
1667,1,1667,aimed
1668,0,1668,retina
1669,1,1669,template
1670,1,1670,vary
1671,0,1671,germ
1672,1,1672,ages
1673,1,1673,reversible
1674,0,1674,antisera
1675,1,1675,inhaled
1676,0,1676,irradiated
1677,0,1677,vaccination
1678,0,1678,tat
1679,1,1679,younger
1680,1,1680,naive
1681,1,1681,correlates
1682,0,1682,acetate
1683,1,1683,principal
1684,1,1684,success
1685,0,1685,homeostasis
1686,0,1686,clonal
1687,1,1687,medications
1688,1,1688,economic
1689,0,1689,vessels
1690,1,1690,accounted
1691,0,1691,antiretroviral
1692,0,1692,lipoprotein
1693,1,1693,focused
1694,0,1694,codon
1695,1,1695,micrograms
1696,1,1696,label
1697,1,1697,recognize
1698,1,1698,interpreted
1699,0,1699,immunoreactivity
1700,0,1700,homozygous
1701,1,1701,separation
1702,0,1702,cerebellar
1703,1,1703,maps
1704,1,1704,indirect
1705,0,1705,neuron
1706,0,1706,cervical
1707,1,1707,discovered
1708,0,1708,cyclase
1709,1,1709,responded
1710,1,1710,reduces
1711,1,1711,mediates
1712,1,1712,preventing
1713,0,1713,hydrolysis
1714,1,1714,intrinsic
1715,1,1715,mobility
1716,1,1716,users
1717,0,1717,shorter
1718,1,1718,contributes
1719,0,1719,radioactive
1720,0,1720,vaccines
1721,1,1721,perception
1722,1,1722,substances
1723,1,1723,messenger
1724,0,1724,voltage
1725,1,1725,discovery
1726,0,1726,lymphoma
1727,1,1727,coupling
1728,1,1728,attenuated
1729,1,1729,filaments
1730,1,1730,storage
1731,1,1731,asymptomatic
1732,1,1732,preferentially
1733,1,1733,restored
1734,0,1734,pneumonia
1735,1,1735,projections
1736,1,1736,scientific
1737,1,1737,accumulated
1738,1,1738,lowest
1739,1,1739,identifying
1740,0,1740,titers
1741,0,1741,kinases
1742,1,1742,saline
1743,1,1743,enriched
1744,1,1744,discharge
1745,1,1745,blocks
1746,1,1746,diminished
1747,0,1747,eukaryotic
1748,1,1748,depending
1749,1,1749,requirement
1750,1,1750,transcript
1751,1,1751,bond
1752,1,1752,settings
1753,1,1753,measuring
1754,1,1754,bands
1755,0,1755,alzheimer
1756,0,1756,tumour
1757,0,1757,proliferative
1758,0,1758,reductase
1759,0,1759,myelin
1760,1,1760,alteration
1761,1,1761,blocking
1762,1,1762,junction
1763,0,1763,iii
1764,0,1764,arginine
1765,1,1765,ranged
1766,1,1766,dissociation
1767,1,1767,plasticity
1768,1,1768,minimum
1769,1,1769,university
1770,1,1770,unaffected
1771,1,1771,requirements
1772,1,1772,contacts
1773,1,1773,conservation
1774,1,1774,competition
1775,0,1775,angiography
1776,1,1776,predictive
1777,0,1777,dogs
1778,1,1778,exclusively
1779,1,1779,carriers
1780,0,1780,anemia
1781,1,1781,demonstrating
1782,1,1782,aggregation
1783,1,1783,serial
1784,0,1784,polymorphism
1785,1,1785,combinations
1786,1,1786,absolute
1787,1,1787,traits
1788,1,1788,cues
1789,0,1789,epitope
1790,1,1790,acquisition
1791,1,1791,classified
1792,0,1792,amyloid
1793,1,1793,striking
1794,1,1794,suitable
1795,1,1795,correlations
1796,1,1796,reductions
1797,0,1797,synapses
1798,1,1798,limiting
1799,0,1799,transfected
1800,0,1800,cholinergic
1801,0,1801,ethanol
1802,1,1802,achieve
1803,1,1803,applications
1804,1,1804,microscopic
1805,1,1805,optical
1806,0,1806,sedimentation
1807,1,1807,pressures
1808,1,1808,presenting
1809,0,1809,electrophoretic
1810,1,1810,neutral
1811,0,1811,leucine
1812,1,1812,referred
1813,0,1813,cis
1814,1,1814,pretreatment
1815,1,1815,affective
1816,0,1816,gyrus
1817,0,1817,digestion
1818,1,1818,substitution
1819,1,1819,trait
1820,0,1820,dementia
1821,1,1821,gradients
1822,0,1822,pigs
1823,1,1823,sought
1824,1,1824,adjustment
1825,0,1825,phenotypic
1826,1,1826,mapped
1827,0,1827,androgen
1828,1,1828,amplification
1829,1,1829,organism
1830,1,1830,believed
1831,0,1831,neurological
1832,1,1832,international
1833,1,1833,undergo
1834,1,1834,node
1835,1,1835,comprehensive
1836,1,1836,relatives
1837,1,1837,resources
1838,1,1838,tasks
1839,1,1839,nodes
1840,1,1840,efforts
1841,0,1841,enzymatic
1842,1,1842,projection
1843,1,1843,volumes
1844,1,1844,attributable
1845,0,1845,bacteriophage
1846,1,1846,elevation
1847,1,1847,derivatives
1848,0,1848,mononuclear
1849,1,1849,robust
1850,1,1850,yields
1851,1,1851,fixed
1852,0,1852,hypothalamic
1853,1,1853,connections
1854,0,1854,cerebellum
1855,0,1855,carbohydrate
1856,0,1856,tryptophan
1857,0,1857,cortisol
1858,1,1858,curves
1859,1,1859,distributions
1860,0,1860,ras
1861,1,1861,electronic
1862,1,1862,skills
1863,1,1863,aging
1864,1,1864,adequate
1865,1,1865,prominent
1866,1,1866,simultaneous
1867,1,1867,final
1868,1,1868,successfully
1869,1,1869,fatal
1870,1,1870,representing
1871,0,1871,dexamethasone
1872,1,1872,modulate
1873,1,1873,typically
1874,1,1874,hence
1875,1,1875,confirm
1876,1,1876,intensive
1877,0,1877,lobe
1878,1,1878,hosts
1879,1,1879,movements
1880,0,1880,progesterone
1881,1,1881,pathology
1882,1,1882,tension
1883,1,1883,beyond
1884,1,1884,dual
1885,0,1885,biopsy
1886,1,1886,essentially
1887,0,1887,ligands
1888,1,1888,tolerated
1889,1,1889,project
1890,1,1890,visits
1891,0,1891,proton
1892,1,1892,residual
1893,1,1893,marine
1894,1,1894,perfusion
1895,1,1895,preference
1896,1,1896,analysed
1897,1,1897,prevents
1898,1,1898,abolished
1899,1,1899,explanation
1900,0,1900,cytosolic
1901,1,1901,comparative
1902,1,1902,compartment
1903,1,1903,consecutive
1904,1,1904,dense
1905,0,1905,gram
1906,1,1906,sets
1907,0,1907,heme
1908,1,1908,unusual
1909,1,1909,withdrawal
1910,1,1910,phenomena
1911,0,1911,personality
1912,1,1912,inactive
1913,1,1913,occlusion
1914,0,1914,transcribed
1915,1,1915,abundance
1916,1,1916,equally
1917,1,1917,rhesus
1918,1,1918,opposite
1919,1,1919,antagonist
1920,1,1920,interestingly
1921,1,1921,regardless
1922,1,1922,transforming
1923,1,1923,subjected
1924,1,1924,placed
1925,1,1925,changed
1926,0,1926,avian
1927,0,1927,graft
1928,1,1928,retrospective
1929,1,1929,categories
1930,1,1930,theoretical
1931,1,1931,cycles
1932,0,1932,ganglia
1933,1,1933,exhibits
1934,1,1934,policy
1935,1,1935,supports
1936,1,1936,focal
1937,0,1937,glycoproteins
1938,0,1938,ischemic
1939,1,1939,evoked
1940,0,1940,monocytes
1941,1,1941,emergency
1942,1,1942,spectra
1943,1,1943,hypothesized
1944,1,1944,evolved
1945,1,1945,neutralizing
1946,1,1946,designated
1947,1,1947,unchanged
1948,1,1948,passage
1949,0,1949,epidermal
1950,1,1950,latency
1951,1,1951,reasons
1952,1,1952,promotes
1953,0,1953,neutrophil
1954,1,1954,preliminary
1955,1,1955,radical
1956,1,1956,phases
1957,1,1957,representative
1958,1,1958,negatively
1959,0,1959,ovarian
1960,1,1960,transporter
1961,0,1961,ribosomal
1962,1,1962,ventilation
1963,1,1963,extraction
1964,1,1964,persistence
1965,1,1965,cumulative
1966,1,1966,heterologous
1967,1,1967,regard
1968,0,1968,lithium
1969,1,1969,insight
1970,0,1970,capsid
1971,1,1971,inhibiting
1972,0,1972,gestation
1973,1,1973,emerging
1974,1,1974,isolate
1975,1,1975,transferred
1976,0,1976,polymorphisms
1977,1,1977,metabolite
1978,1,1978,enhancer
1979,1,1979,prediction
1980,1,1980,concerning
1981,1,1981,retained
1982,0,1982,eosinophils
1983,1,1983,empirical
1984,1,1984,encode
1985,1,1985,database
1986,1,1986,inherited
1987,1,1987,abundant
1988,1,1988,vein
1989,1,1989,suspected
1990,1,1990,admitted
1991,1,1991,generalized
1992,0,1992,plasmids
1993,1,1993,translational
1994,1,1994,consensus
1995,0,1995,immunofluorescence
1996,1,1996,circular
1997,1,1997,vertebrate
1998,0,1998,sperm
1999,1,1999,continue
2000,1,2000,former
2001,0,2001,progeny
2002,1,2002,transmitted
2003,1,2003,themselves
2004,1,2004,monitored
2005,0,2005,mineral
2006,0,2006,leu
2007,1,2007,timing
2008,0,2008,heparin
2009,1,2009,conditioned
2010,0,2010,trypsin
2011,1,2011,interpretation
2012,1,2012,eliminated
2013,1,2013,promising
2014,1,2014,solar
2015,1,2015,traditional
2016,1,2016,beneficial
2017,1,2017,rearrangements
2018,0,2018,brains
2019,1,2019,fitness
2020,1,2020,similarity
2021,1,2021,amplitude
2022,1,2022,depleted
2023,1,2023,perceived
2024,1,2024,requiring
2025,1,2025,maintaining
2026,1,2026,reliable
2027,1,2027,naturally
2028,1,2028,correlate
2029,1,2029,extension
2030,1,2030,termination
2031,1,2031,scanning
2032,0,2032,autologous
2033,0,2033,hypothalamus
2034,0,2034,xenopus
2035,1,2035,urban
2036,1,2036,tools
2037,0,2037,mitotic
2038,0,2038,transgene
2039,1,2039,processed
2040,1,2040,subgroup
2041,1,2041,recruited
2042,1,2042,introduction
2043,0,2043,eosinophil
2044,0,2044,largest
2045,0,2045,striatum
2046,1,2046,usual
2047,1,2047,integrity
2048,0,2048,penicillin
2049,1,2049,resident
2050,1,2050,considerably
2051,1,2051,filtration
2052,0,2052,ways
2053,0,2053,folding
2054,0,2054,endonuclease
2055,1,2055,thermal
2056,1,2056,repeats
2057,1,2057,deposition
2058,0,2058,glutathione
2059,0,2059,axonal
2060,1,2060,inputs
2061,1,2061,resolved
2062,0,2062,exon
2063,1,2063,signalling
2064,1,2064,accelerated
2065,1,2065,termed
2066,1,2066,likelihood
2067,1,2067,overlapping
2068,1,2068,discrete
2069,0,2069,alkaline
2070,0,2070,alveolar
2071,1,2071,environments
2072,1,2072,scans
2073,0,2073,lamina
2074,0,2074,lactate
2075,1,2075,virtually
2076,0,2076,systolic
2077,1,2077,interacts
2078,0,2078,spectroscopy
2079,1,2079,consider
2080,1,2080,possess
2081,1,2081,null
2082,1,2082,circuits
2083,1,2083,delay
2084,1,2084,protocol
2085,0,2085,hydrophobic
2086,1,2086,predictions
2087,1,2087,describes
2088,0,2088,hypoxia
2089,0,2089,european
2090,1,2090,diagnoses
2091,1,2091,department
2092,1,2092,disability
2093,1,2093,attacks
2094,1,2094,reporter
2095,1,2095,severely
2096,1,2096,nonspecific
2097,0,2097,nerves
2098,1,2098,surrounding
2099,1,2099,qualitative
2100,0,2100,sequenced
2101,0,2101,fibrosis
2102,0,2102,radioactivity
2103,1,2103,recurrence
2104,0,2104,atherosclerosis
2105,1,2105,fate
2106,1,2106,modeling
2107,1,2107,section
2108,1,2108,potency
2109,1,2109,worldwide
2110,0,2110,polyacrylamide
2111,1,2111,returned
2112,1,2112,crude
2113,1,2113,mixtures
2114,1,2114,interface
2115,1,2115,protected
2116,1,2116,greatest
2117,1,2117,screened
2118,0,2118,acidic
2119,1,2119,regular
2120,1,2120,allowing
2121,1,2121,triggered
2122,0,2122,hydroxylase
2123,0,2123,dioxide
2124,0,2124,adjuvant
2125,0,2125,proteolytic
2126,1,2126,namely
2127,1,2127,sizes
2128,1,2128,advantage
2129,0,2129,heterozygous
2130,1,2130,supply
2131,1,2131,planning
2132,1,2132,transplant
2133,1,2133,distinguished
2134,0,2134,prophylaxis
2135,0,2135,oxidase
2136,0,2136,prostate
2137,1,2137,challenged
2138,1,2138,hypotheses
2139,1,2139,multivariate
2140,1,2140,trends
2141,1,2141,stimulates
2142,1,2142,remodeling
2143,1,2143,activates
2144,1,2144,differentially
2145,1,2145,discrimination
2146,0,2146,transfection
2147,0,2147,antimicrobial
2148,1,2148,deficit
2149,1,2149,colony
2150,0,2150,tuberculosis
2151,1,2151,regimens
2152,1,2152,utilization
2153,1,2153,additionally
2154,1,2154,specialized
2155,1,2155,pronounced
2156,1,2156,stained
2157,1,2157,delivered
2158,0,2158,cysteine
2159,0,2159,synthase
2160,1,2160,disrupted
2161,1,2161,panel
2162,1,2162,providers
2163,0,2163,apoptotic
2164,0,2164,amygdala
2165,1,2165,refractory
2166,0,2166,sclerosis
2167,0,2167,transporters
2168,1,2168,excitatory
2169,1,2169,ad
2170,1,2170,reacted
2171,0,2171,autosomal
2172,0,2172,mucosal
2173,1,2173,fracture
2174,0,2174,corticosteroids
2175,1,2175,interview
2176,1,2176,behaviors
2177,0,2177,onto
2178,0,2178,intracranial
2179,0,2179,arthritis
2180,1,2180,attempts
2181,0,2181,thalamus
2182,1,2182,highlight
2183,1,2183,easily
2184,0,2184,synthetase
2185,1,2185,sectional
2186,1,2186,similarities
2187,1,2187,ingestion
2188,0,2188,urea
2189,0,2189,lungs
2190,0,2190,optic
2191,1,2191,explored
2192,1,2192,mediating
2193,1,2193,decisions
2194,1,2194,coverage
2195,1,2195,prognosis
2196,0,2196,faces
2197,0,2197,dermatitis
2198,0,2198,mol
2199,1,2199,rejection
2200,0,2200,lipids
2201,1,2201,suppress
2202,1,2202,standardized
2203,0,2203,disulfide
2204,0,2204,congenital
2205,1,2205,practitioners
2206,1,2206,weights
2207,0,2207,circadian
2208,0,2208,tomography
2209,1,2209,potentials
2210,1,2210,remarkably
2211,1,2211,consequently
2212,0,2212,aqueous
2213,0,2213,makes
2214,1,2214,divided
2215,1,2215,contralateral
2216,1,2216,passive
2217,0,2217,prostaglandin
2218,1,2218,trauma
2219,1,2219,establishment
2220,0,2220,propranolol
2221,1,2221,mating
2222,1,2222,enrolled
2223,1,2223,sampling
2224,0,2224,progenitors
2225,0,2225,arabidopsis
2226,1,2226,promoting
2227,0,2227,progenitor
2228,1,2228,surveillance
2229,0,2229,intron
2230,0,2230,retroviral
2231,1,2231,extremely
2232,1,2232,interviews
2233,1,2233,excluded
2234,0,2234,glial
2235,0,2235,killing
2236,1,2236,hemisphere
2237,1,2237,implementation
2238,1,2238,enhances
2239,0,2239,bronchial
2240,1,2240,gap
2241,0,2241,alanine
2242,0,2242,neutrophils
2243,0,2243,cleaved
2244,1,2244,linking
2245,1,2245,studying
2246,0,2246,gastric
2247,0,2247,phylogenetic
2248,1,2248,modern
2249,0,2249,vesicular
2250,1,2250,reflected
2251,1,2251,trigger
2252,1,2252,experiences
2253,1,2253,releasing
2254,1,2254,inclusion
2255,1,2255,inducible
2256,1,2256,assayed
2257,1,2257,colonies
2258,1,2258,uses
2259,1,2259,facial
2260,1,2260,motifs
2261,1,2261,concomitant
2262,0,2262,gut
2263,1,2263,limitations
2264,0,2264,rhinitis
2265,1,2265,error
2266,0,2266,faster
2267,1,2267,hospitalization
2268,1,2268,rarely
2269,0,2269,immunotherapy
2270,1,2270,offers
2271,1,2271,postulated
2272,1,2272,ongoing
2273,0,2273,colon
2274,1,2274,errors
2275,1,2275,personal
2276,1,2276,familial
2277,1,2277,constitute
2278,1,2278,seasonal
2279,1,2279,destruction
2280,1,2280,trained
2281,1,2281,boundary
2282,0,2282,ischemia
2283,0,2283,estradiol
2284,1,2284,staff
2285,0,2285,birds
2286,0,2286,warfarin
2287,1,2287,advantages
2288,0,2288,reticulum
2289,0,2289,fungi
2290,1,2290,organized
2291,0,2291,titer
2292,1,2292,programme
2293,1,2293,quantities
2294,1,2294,incomplete
2295,1,2295,starting
2296,1,2296,analyze
2297,0,2297,angiotensin
2298,1,2298,compartments
2299,1,2299,adapted
2300,0,2300,salmonella
2301,0,2301,ubiquitin
2302,0,2302,cytotoxicity
2303,1,2303,circuit
2304,1,2304,subtype
2305,0,2305,apical
2306,1,2306,derivative
2307,0,2307,magnesium
2308,1,2308,array
2309,0,2309,tubular
2310,1,2310,biologically
2311,1,2311,secretory
2312,1,2312,junctions
2313,1,2313,paired
2314,0,2314,uninfected
2315,0,2315,nitric
2316,0,2316,intravenously
2317,1,2317,regeneration
2318,1,2318,reviews
2319,1,2319,peaks
2320,1,2320,inappropriate
2321,1,2321,flux
2322,0,2322,endocrine
2323,1,2323,intermediates
2324,1,2324,emerged
2325,1,2325,prescribed
2326,1,2326,agonists
2327,0,2327,cloning
2328,1,2328,recommendations
2329,0,2329,elegans
2330,1,2330,representation
2331,0,2331,parasite
2332,0,2332,glomerular
2333,1,2333,respective
2334,1,2334,declined
2335,1,2335,converted
2336,1,2336,inactivated
2337,1,2337,detail
2338,1,2338,concern
2339,1,2339,de
2340,1,2340,anatomical
2341,1,2341,gender
2342,1,2342,changing
2343,1,2343,fasting
2344,1,2344,surprisingly
2345,1,2345,clinicians
2346,1,2346,dramatically
2347,1,2347,improvements
2348,0,2348,exons
2349,0,2349,dimer
2350,1,2350,computed
2351,1,2351,decreasing
2352,1,2352,abnormality
2353,1,2353,constructs
2354,1,2354,decades
2355,1,2355,bonds
2356,1,2356,effort
2357,1,2357,aberrant
2358,1,2358,precipitation
2359,1,2359,decade
2360,1,2360,smokers
2361,0,2361,mitogen
2362,0,2362,subcutaneous
2363,1,2363,perform
2364,0,2364,asked
2365,1,2365,fluctuations
2366,0,2366,muscles
2367,1,2367,diffuse
2368,1,2368,demographic
2369,1,2369,premature
2370,1,2370,concurrent
2371,1,2371,etiology
2372,1,2372,sympathetic
2373,1,2373,shaped
2374,1,2374,viable
2375,0,2375,obese
2376,0,2376,humoral
2377,1,2377,complexity
2378,1,2378,structurally
2379,0,2379,dialysis
2380,0,2380,methionine
2381,1,2381,proportional
2382,1,2382,joint
2383,1,2383,nevertheless
2384,0,2384,tube
2385,0,2385,autoantibodies
2386,1,2386,fixation
2387,1,2387,meta
2388,0,2388,carboxyl
2389,1,2389,reliability
2390,1,2390,compatible
2391,1,2391,relevance
2392,1,2392,caudal
2393,1,2393,preventive
2394,0,2394,phagocytosis
2395,0,2395,neurotransmitter
2396,0,2396,genetics
2397,1,2397,persisted
2398,1,2398,obtain
2399,0,2399,drinking
2400,1,2400,repression
2401,1,2401,classification
2402,1,2402,responding
2403,1,2403,tandem
2404,0,2404,postoperative
2405,0,2405,hemolytic
2406,1,2406,mid
2407,0,2407,slower
2408,1,2408,assessments
2409,0,2409,renin
2410,0,2410,allogeneic
2411,1,2411,inhalation
2412,0,2412,inoculation
2413,1,2413,participate
2414,1,2414,conversely
2415,1,2415,prevalent
2416,1,2416,mutated
2417,0,2417,triphosphate
2418,0,2418,atrophy
2419,1,2419,overlap
2420,1,2420,continuously
2421,0,2421,arteries
2422,1,2422,structured
2423,1,2423,syndromes
2424,1,2424,ipsilateral
2425,1,2425,unexpected
2426,0,2426,chemotactic
2427,0,2427,crystals
2428,1,2428,multi
2429,1,2429,adherence
2430,1,2430,burden
2431,1,2431,exert
2432,0,2432,isoforms
2433,1,2433,mood
2434,1,2434,exposures
2435,1,2435,shifts
2436,1,2436,react
2437,1,2437,unlikely
2438,1,2438,detecting
2439,1,2439,extreme
2440,0,2440,psychosis
2441,0,2441,ionic
2442,1,2442,initiate
2443,0,2443,england
2444,0,2444,diastolic
2445,0,2445,autism
2446,0,2446,thymocytes
2447,0,2447,eggs
2448,0,2448,iodine
2449,1,2449,spontaneously
2450,0,2450,chimeric
2451,1,2451,chemicals
2452,1,2452,horizontal
2453,1,2453,accepted
2454,1,2454,generating
2455,1,2455,permit
2456,0,2456,ones
2457,1,2457,primed
2458,0,2458,nuclease
2459,0,2459,dopaminergic
2460,1,2460,participation
2461,0,2461,lineages
2462,1,2462,construct
2463,1,2463,addressed
2464,1,2464,fatigue
2465,1,2465,predominant
2466,1,2466,subtypes
2467,0,2467,hepatocytes
2468,1,2468,silencing
2469,0,2469,mammary
2470,0,2470,golgi
2471,1,2471,contamination
2472,1,2472,modifications
2473,1,2473,interacting
2474,1,2474,purification
2475,1,2475,depth
2476,1,2476,buffer
2477,1,2477,anomalies
2478,0,2478,creatinine
2479,1,2479,preferred
2480,0,2480,airways
2481,0,2481,antisense
2482,1,2482,proportions
2483,0,2483,chinese
2484,1,2484,advance
2485,1,2485,competitive
2486,0,2486,cerevisiae
2487,1,2487,assessing
2488,1,2488,aggressive
2489,1,2489,quantitatively
2490,1,2490,stratified
2491,1,2491,ecological
2492,1,2492,teaching
2493,1,2493,architecture
2494,1,2494,rostral
2495,0,2495,isotope
2496,1,2496,waves
2497,1,2497,deprivation
2498,0,2498,subcellular
2499,1,2499,attached
2500,0,2500,superoxide
2501,1,2501,situation
2502,1,2502,elucidate
2503,1,2503,extinction
2504,1,2504,bases
2505,1,2505,limits
2506,0,2506,thrombosis
2507,1,2507,crossover
2508,1,2508,distinguish
2509,1,2509,collection
2510,1,2510,excessive
2511,0,2511,peroxidase
2512,1,2512,landscape
2513,1,2513,avoidance
2514,1,2514,follows
2515,1,2515,causal
2516,1,2516,quantum
2517,1,2517,vital
2518,1,2518,tended
2519,1,2519,variance
2520,0,2520,radiotherapy
2521,1,2521,prenatal
2522,1,2522,contributed
2523,1,2523,evaluating
2524,1,2524,becomes
2525,0,2525,glycine
2526,1,2526,attractive
2527,0,2527,intestine
2528,1,2528,object
2529,1,2529,modulated
2530,1,2530,clarify
2531,1,2531,attenuation
2532,1,2532,lesser
2533,0,2533,histological
2534,1,2534,experimentally
2535,1,2535,critically
2536,1,2536,behavioural
2537,0,2537,cyclophosphamide
2538,1,2538,physiology
2539,1,2539,intra
2540,0,2540,psychosocial
2541,0,2541,cats
2542,1,2542,property
2543,1,2543,items
2544,0,2544,transferrin
2545,1,2545,increasingly
2546,0,2546,cyclin
2547,1,2547,practical
2548,0,2548,histidine
2549,1,2549,improving
2550,1,2550,concentrated
2551,1,2551,chronically
2552,1,2552,epidemic
2553,0,2553,cytomegalovirus
2554,0,2554,yr
2555,1,2555,assumed
2556,1,2556,reconstituted
2557,1,2557,combining
2558,1,2558,partners
2559,1,2559,defining
2560,1,2560,created
2561,1,2561,contributing
2562,1,2562,contributions
2563,1,2563,viability
2564,1,2564,society
2565,1,2565,afferent
2566,0,2566,fibroblast
2567,1,2567,complementation
2568,1,2568,profound
2569,1,2569,indistinguishable
2570,0,2570,mellitus
2571,1,2571,currents
2572,1,2572,juvenile
2573,1,2573,primates
2574,0,2574,adenylate
2575,0,2575,proteases
2576,1,2576,abortion
2577,1,2577,accumulate
2578,0,2578,erythroid
2579,1,2579,enable
2580,1,2580,antagonists
2581,1,2581,branches
2582,1,2582,hybrids
2583,1,2583,differs
2584,1,2584,differentiate
2585,0,2585,pediatric
2586,0,2586,hormonal
2587,0,2587,re
2588,1,2588,operation
2589,0,2589,epidermis
2590,1,2590,segregation
2591,1,2591,inverse
2592,1,2592,elicit
2593,1,2593,demonstrable
2594,0,2594,rheumatoid
2595,1,2595,disturbance
2596,1,2596,contraction
2597,1,2597,attempt
2598,1,2598,tolerant
2599,0,2599,myeloid
2600,1,2600,proven
2601,1,2601,degraded
2602,0,2602,lysosomal
2603,1,2603,forces
2604,1,2604,ultraviolet
2605,1,2605,utilized
2606,1,2606,unstable
2607,1,2607,injuries
2608,1,2608,repressor
2609,1,2609,orally
2610,0,2610,aortic
2611,1,2611,principles
2612,1,2612,analogous
2613,0,2613,metals
2614,1,2614,aromatic
2615,0,2615,mo
2616,1,2616,suspension
2617,1,2617,gels
2618,1,2618,coefficient
2619,0,2619,prolactin
2620,1,2620,disk
2621,1,2621,bias
2622,1,2622,epidemiological
2623,1,2623,stronger
2624,0,2624,mite
2625,1,2625,relaxation
2626,1,2626,transported
2627,0,2627,glands
2628,0,2628,cavity
2629,1,2629,fractures
2630,1,2630,spatially
2631,0,2631,pore
2632,1,2632,inability
2633,1,2633,situations
2634,1,2634,predictors
2635,1,2635,maize
2636,0,2636,knockout
2637,1,2637,deleted
2638,1,2638,recessive
2639,1,2639,synthesize
2640,0,2640,poliovirus
2641,1,2641,calculations
2642,1,2642,rating
2643,1,2643,ultimately
2644,1,2644,reactivation
2645,0,2645,melanoma
2646,0,2646,eczema
2647,1,2647,scan
2648,1,2648,emotion
2649,1,2649,integral
2650,1,2650,foreign
2651,0,2651,opioid
2652,1,2652,inoculated
2653,1,2653,prescribing
2654,1,2654,specificities
2655,1,2655,zones
2656,0,2656,lytic
2657,0,2657,tubulin
2658,0,2658,gives
2659,1,2659,candidates
2660,0,2660,spindle
2661,1,2661,mediators
2662,0,2662,int
2663,1,2663,rodent
2664,1,2664,awareness
2665,1,2665,portions
2666,0,2666,barr
2667,1,2667,ex
2668,1,2668,gross
2669,1,2669,deprived
2670,1,2670,utility
2671,1,2671,emphasis
2672,0,2672,streptococcal
2673,1,2673,validity
2674,1,2674,socioeconomic
2675,1,2675,disappearance
2676,1,2676,origins
2677,1,2677,entirely
2678,0,2678,oncogene
2679,0,2679,virulence
2680,1,2680,breeding
2681,0,2681,ser
2682,0,2682,herpesvirus
2683,1,2683,infiltration
2684,1,2684,trafficking
2685,1,2685,dilution
2686,1,2686,argue
2687,0,2687,polysaccharide
2688,1,2688,professional
2689,0,2689,parathyroid
2690,0,2690,oxidized
2691,1,2691,managed
2692,1,2692,thickness
2693,1,2693,verbal
2694,1,2694,microscope
2695,0,2695,pol
2696,0,2696,sub
2697,1,2697,constitutive
2698,0,2698,japanese
2699,1,2699,examinations
2700,1,2700,visible
2701,1,2701,occupational
2702,0,2702,splenic
2703,1,2703,replicate
2704,1,2704,nutritional
2705,1,2705,competence
2706,1,2706,opportunity
2707,1,2707,surveys
2708,0,2708,brainstem
2709,0,2709,peritoneal
2710,0,2710,africa
2711,0,2711,thalamic
2712,1,2712,consist
2713,0,2713,thoracic
2714,0,2714,aldosterone
2715,1,2715,notion
2716,0,2716,perceptual
2717,1,2717,resource
2718,1,2718,consisted
2719,0,2719,microtubule
2720,0,2720,hypertensive
2721,0,2721,allelic
2722,0,2722,dimers
2723,1,2723,concerns
2724,1,2724,developments
2725,1,2725,indicator
2726,1,2726,modulating
2727,0,2727,monophosphate
2728,0,2728,cutaneous
2729,1,2729,primate
2730,1,2730,actively
2731,1,2731,subgroups
2732,1,2732,modest
2733,1,2733,regulators
2734,1,2734,enhancing
2735,1,2735,monitor
2736,0,2736,diarrhea
2737,0,2737,metastatic
2738,1,2738,replicative
2739,0,2739,adenine
2740,1,2740,ensure
2741,1,2741,mosaic
2742,1,2742,engagement
2743,0,2743,mitosis
2744,1,2744,boundaries
2745,1,2745,vertebrates
2746,0,2746,rev
2747,0,2747,epstein
2748,1,2748,granules
2749,1,2749,densities
2750,1,2750,reflects
2751,0,2751,immunologically
2752,0,2752,hydroxy
2753,0,2753,acetyltransferase
2754,1,2754,eligible
2755,1,2755,progressively
2756,1,2756,conjunction
2757,0,2757,angiogenesis
2758,1,2758,permanent
2759,0,2759,forebrain
2760,0,2760,subcortical
2761,0,2761,aureus
2762,0,2762,grafts
2763,0,2763,postmenopausal
2764,1,2764,outpatient
2765,1,2765,constituents
2766,1,2766,modify
2767,1,2767,attitudes
2768,1,2768,deleterious
2769,1,2769,underlie
2770,1,2770,logistic
2771,1,2771,chemically
2772,0,2772,presynaptic
2773,0,2773,fungal
2774,0,2774,hemorrhage
2775,0,2775,pars
2776,0,2776,centrifugation
2777,0,2777,psychotic
2778,1,2778,constants
2779,0,2779,limbic
2780,1,2780,corrected
2781,1,2781,fluids
2782,0,2782,midbrain
2783,1,2783,reversal
2784,1,2784,seemed
2785,1,2785,lasting
2786,0,2786,epigenetic
2787,0,2787,placental
2788,0,2788,polar
2789,1,2789,amplified
2790,0,2790,antenatal
2791,1,2791,repetitive
2792,1,2792,conditioning
2793,0,2793,parasites
2794,0,2794,panic
2795,1,2795,reciprocal
2796,0,2796,kidneys
2797,1,2797,vertical
2798,0,2798,oncogenic
2799,1,2799,bulk
2800,1,2800,loading
2801,1,2801,moderately
2802,0,2802,biofilm
2803,1,2803,tightly
2804,0,2804,postsynaptic
2805,1,2805,subsets
2806,1,2806,importantly
2807,1,2807,definition
2808,1,2808,correctly
2809,0,2809,reperfusion
2810,0,2810,tau
2811,1,2811,replicated
2812,1,2812,extend
2813,1,2813,annual
2814,1,2814,subjective
2815,1,2815,primer
2816,1,2816,complication
2817,0,2817,ligase
2818,0,2818,lysis
2819,0,2819,spine
2820,1,2820,completion
2821,0,2821,endoplasmic
2822,0,2822,saccharomyces
2823,1,2823,invasion
2824,1,2824,rhythm
2825,1,2825,decay
2826,0,2826,glutamine
2827,1,2827,degeneration
2828,1,2828,encountered
2829,1,2829,adsorption
2830,0,2830,immunoglobulins
2831,0,2831,glycosylation
2832,0,2832,nurses
2833,1,2833,mu
2834,1,2834,judged
2835,1,2835,inserted
2836,1,2836,distances
2837,0,2837,spectrometry
2838,1,2838,lowering
2839,0,2839,microtubules
2840,1,2840,driving
2841,1,2841,dimensions
2842,1,2842,ranges
2843,1,2843,pathophysiology
2844,0,2844,medulla
2845,0,2845,glutamic
2846,0,2846,bladder
2847,1,2847,scheme
2848,1,2848,confined
2849,1,2849,imply
2850,1,2850,indications
2851,1,2851,sediment
2852,0,2852,aneurysms
2853,1,2853,emergence
2854,1,2854,standards
2855,0,2855,immunologic
2856,1,2856,difficulties
2857,1,2857,altering
2858,1,2858,closed
2859,0,2859,ribosomes
2860,0,2860,phosphorus
2861,1,2861,constraints
2862,0,2862,rod
2863,1,2863,polarity
2864,1,2864,precisely
2865,1,2865,probable
2866,1,2866,ineffective
2867,0,2867,lupus
2868,1,2868,difficulty
2869,1,2869,analog
2870,1,2870,relief
2871,0,2871,vesicle
2872,0,2872,proline
2873,1,2873,conclusions
2874,0,2874,colitis
2875,0,2875,fos
2876,1,2876,retrograde
2877,0,2877,zebrafish
2878,0,2878,idiopathic
2879,0,2879,seizures
2880,0,2880,plasmodium
2881,0,2881,actinomycin
2882,1,2882,repertoire
2883,0,2883,daltons
2884,1,2884,displays
2885,1,2885,ethical
2886,0,2886,leukaemia
2887,0,2887,hemagglutinin
2888,1,2888,accessory
2889,1,2889,differing
2890,1,2890,assembled
2891,1,2891,killer
2892,1,2892,ambient
2893,1,2893,averaged
2894,1,2894,infusions
2895,1,2895,eventually
2896,1,2896,atoms
2897,0,2897,cadmium
2898,1,2898,composite
2899,0,2899,cirrhosis
2900,1,2900,objects
2901,1,2901,interfering
2902,1,2902,bypass
2903,1,2903,subpopulation
2904,1,2904,permissive
2905,1,2905,extensively
2906,1,2906,correspond
2907,1,2907,borne
2908,1,2908,quantity
2909,1,2909,minus
2910,0,2910,kilometers
2911,1,2911,engineered
2912,0,2912,cochlear
2913,1,2913,industry
2914,1,2914,motility
2915,1,2915,computational
2916,0,2916,angina
2917,1,2917,serves
2918,1,2918,patches
2919,1,2919,exclusion
2920,1,2920,transitions
2921,1,2921,interviewed
2922,1,2922,algorithm
2923,0,2923,lumbar
2924,1,2924,quantify
2925,1,2925,doctors
2926,0,2926,salts
2927,0,2927,haplotype
2928,0,2928,falciparum
2929,1,2929,educational
2930,0,2930,thymic
2931,0,2931,endothelium
2932,1,2932,meters
2933,0,2933,oligonucleotide
2934,1,2934,recordings
2935,0,2935,cytosol
2936,0,2936,striatal
2937,1,2937,atypical
2938,1,2938,options
2939,1,2939,macaques
2940,1,2940,aggregates
2941,1,2941,specified
2942,1,2942,relapse
2943,1,2943,confer
2944,1,2944,constitutively
2945,1,2945,simulations
2946,1,2946,paradigm
2947,0,2947,oocytes
2948,1,2948,survived
